Workbook

Sheet Dashboard
A1: RA | Inventory & Logistics Control Dashboard
A2: Synthetic supply-chain portfolio project for inventory control, purchasing visibility and logistics reporting
A4: Total SKUs | C4: Inventory Value | E4: Critical SKUs | G4: Reorder SKUs
A5: =COUNTA(Inventory!$A$2:$A$51) -> 50 | C5: =SUM(Inventory!$L$2:$L$51) -> 43479.5 | E5: =COUNTIF(Inventory!$M$2:$M$51,"Critical") -> 12 | G5: =COUNTIF(Inventory!$M$2:$M$51,"Reorder") -> 11
A7: Healthy SKUs | C7: Avg Cover Days | E7: Suppliers | G7: Avg Lead Time
A8: =COUNTIF(Inventory!$M$2:$M$51,"Healthy") -> 27 | C8: =AVERAGE(Inventory!$K$2:$K$51) -> 48.311318 | E8: =COUNTA(Suppliers!$A$2:$A$6) -> 5 | G8: =AVERAGE(Inventory!$I$2:$I$51) -> 11.4
A11: Category | B11: Inventory Value | D11: Risk | E11: SKUs
A12: Electronics | B12: =SUMIF(Inventory!$C$2:$C$51,A12,Inventory!$L$2:$L$51) -> 8999.75 | D12: Critical | E12: =COUNTIF(Inventory!$M$2:$M$51,D12) -> 12
A13: Consumables | B13: =SUMIF(Inventory!$C$2:$C$51,A13,Inventory!$L$2:$L$51) -> 7519.75 | D13: Reorder | E13: =COUNTIF(Inventory!$M$2:$M$51,D13) -> 11
A14: Packaging | B14: =SUMIF(Inventory!$C$2:$C$51,A14,Inventory!$L$2:$L$51) -> 7065.25 | D14: Healthy | E14: =COUNTIF(Inventory!$M$2:$M$51,D14) -> 27
A15: Tools | B15: =SUMIF(Inventory!$C$2:$C$51,A15,Inventory!$L$2:$L$51) -> 9398.5
A16: Office | B16: =SUMIF(Inventory!$C$2:$C$51,A16,Inventory!$L$2:$L$51) -> 10496.25
A19: Supplier | B19: SKUs | C19: Inventory Value | D19: Critical | E19: Reorder | F19: Avg Lead Time
A20: =Suppliers!A2 -> Supplier A | B20: =Suppliers!B2 -> 10 | C20: =Suppliers!C2 -> 8999.75 | D20: =Suppliers!D2 -> 1 | E20: =Suppliers!E2 -> 3 | F20: =Suppliers!F2 -> 5
A21: =Suppliers!A3 -> Supplier B | B21: =Suppliers!B3 -> 10 | C21: =Suppliers!C3 -> 7519.75 | D21: =Suppliers!D3 -> 1 | E21: =Suppliers!E3 -> 3 | F21: =Suppliers!F3 -> 7
A22: =Suppliers!A4 -> Supplier C | B22: =Suppliers!B4 -> 10 | C22: =Suppliers!C4 -> 7065.25 | D22: =Suppliers!D4 -> 3 | E22: =Suppliers!E4 -> 2 | F22: =Suppliers!F4 -> 10
A23: =Suppliers!A5 -> Supplier D | B23: =Suppliers!B5 -> 10 | C23: =Suppliers!C5 -> 9398.5 | D23: =Suppliers!D5 -> 3 | E23: =Suppliers!E5 -> 1 | F23: =Suppliers!F5 -> 14
A24: =Suppliers!A6 -> Supplier E | B24: =Suppliers!B6 -> 10 | C24: =Suppliers!C6 -> 10496.25 | D24: =Suppliers!D6 -> 4 | E24: =Suppliers!E6 -> 2 | F24: =Suppliers!F6 -> 21

Sheet Inventory
A1: SKU | B1: Item | C1: Category | D1: Supplier | E1: On Hand | F1: Reorder Point | G1: Safety Stock | H1: Unit Cost | I1: Lead Time Days | J1: Demand 30d | K1: Stock Cover Days | L1: Stock Value | M1: Risk
A2: SKU-001 | B2: Portfolio Item 1 | C2: Electronics | D2: Supplier A | E2: 8 | F2: 20 | G2: 10 | H2: 12.5 | I2: 5 | J2: 15 | K2: =IF(J2=0,0,E2/(J2/30)) -> 16 | L2: =E2*H2 -> 100 | M2: =IF(E2<=G2,"Critical",IF(E2<=F2,"Reorder","Healthy")) -> Critical
A3: SKU-002 | B3: Portfolio Item 2 | C3: Consumables | D3: Supplier B | E3: 21 | F3: 25 | G3: 15 | H3: 25 | I3: 7 | J3: 25 | K3: =IF(J3=0,0,E3/(J3/30)) -> 25.2 | L3: =E3*H3 -> 525 | M3: =IF(E3<=G3,"Critical",IF(E3<=F3,"Reorder","Healthy")) -> Reorder
A4: SKU-003 | B4: Portfolio Item 3 | C4: Packaging | D4: Supplier C | E4: 41 | F4: 30 | G4: 20 | H4: 7.75 | I4: 10 | J4: 40 | K4: =IF(J4=0,0,E4/(J4/30)) -> 30.75 | L4: =E4*H4 -> 317.75 | M4: =IF(E4<=G4,"Critical",IF(E4<=F4,"Reorder","Healthy")) -> Healthy
A5: SKU-004 | B5: Portfolio Item 4 | C5: Tools | D5: Supplier D | E5: 69 | F5: 35 | G5: 25 | H5: 45 | I5: 14 | J5: 55 | K5: =IF(J5=0,0,E5/(J5/30)) -> 37.636364 | L5: =E5*H5 -> 3105 | M5: =IF(E5<=G5,"Critical",IF(E5<=F5,"Reorder","Healthy")) -> Healthy
A6: SKU-005 | B6: Portfolio Item 5 | C6: Office | D6: Supplier E | E6: 120 | F6: 40 | G6: 30 | H6: 3.5 | I6: 21 | J6: 80 | K6: =IF(J6=0,0,E6/(J6/30)) -> 45 | L6: =E6*H6 -> 420 | M6: =IF(E6<=G6,"Critical",IF(E6<=F6,"Reorder","Healthy")) -> Healthy
A7: SKU-006 | B7: Portfolio Item 6 | C7: Electronics | D7: Supplier A | E7: 18 | F7: 20 | G7: 10 | H7: 18 | I7: 5 | J7: 20 | K7: =IF(J7=0,0,E7/(J7/30)) -> 27 | L7: =E7*H7 -> 324 | M7: =IF(E7<=G7,"Critical",IF(E7<=F7,"Reorder","Healthy")) -> Reorder
A8: SKU-007 | B8: Portfolio Item 7 | C8: Consumables | D8: Supplier B | E8: 51 | F8: 25 | G8: 15 | H8: 12.5 | I8: 7 | J8: 15 | K8: =IF(J8=0,0,E8/(J8/30)) -> 102 | L8: =E8*H8 -> 637.5 | M8: =IF(E8<=G8,"Critical",IF(E8<=F8,"Reorder","Healthy")) -> Healthy
A9: SKU-008 | B9: Portfolio Item 8 | C9: Packaging | D9: Supplier C | E9: 17 | F9: 30 | G9: 20 | H9: 25 | I9: 10 | J9: 25 | K9: =IF(J9=0,0,E9/(J9/30)) -> 20.4 | L9: =E9*H9 -> 425 | M9: =IF(E9<=G9,"Critical",IF(E9<=F9,"Reorder","Healthy")) -> Critical
A10: SKU-009 | B10: Portfolio Item 9 | C10: Tools | D10: Supplier D | E10: 18 | F10: 35 | G10: 25 | H10: 7.75 | I10: 14 | J10: 40 | K10: =IF(J10=0,0,E10/(J10/30)) -> 13.5 | L10: =E10*H10 -> 139.5 | M10: =IF(E10<=G10,"Critical",IF(E10<=F10,"Reorder","Healthy")) -> Critical
A11: SKU-010 | B11: Portfolio Item 10 | C11: Office | D11: Supplier E | E11: 38 | F11: 40 | G11: 30 | H11: 45 | I11: 21 | J11: 55 | K11: =IF(J11=0,0,E11/(J11/30)) -> 20.727273 | L11: =E11*H11 -> 1710 | M11: =IF(E11<=G11,"Critical",IF(E11<=F11,"Reorder","Healthy")) -> Reorder
A12: SKU-011 | B12: Portfolio Item 11 | C12: Electronics | D12: Supplier A | E12: 66 | F12: 20 | G12: 10 | H12: 3.5 | I12: 5 | J12: 80 | K12: =IF(J12=0,0,E12/(J12/30)) -> 24.75 | L12: =E12*H12 -> 231 | M12: =IF(E12<=G12,"Critical",IF(E12<=F12,"Reorder","Healthy")) -> Healthy
A13: SKU-012 | B13: Portfolio Item 12 | C13: Consumables | D13: Supplier B | E13: 129 | F13: 25 | G13: 15 | H13: 18 | I13: 7 | J13: 20 | K13: =IF(J13=0,0,E13/(J13/30)) -> 193.5 | L13: =E13*H13 -> 2322 | M13: =IF(E13<=G13,"Critical",IF(E13<=F13,"Reorder","Healthy")) -> Healthy
... A51: SKU-050 | B51: Portfolio Item 50 | C51: Office | D51: Supplier E | E51: 11 | F51: 40 | G51: 30 | H51: 25 | I51: 21 | J51: 25 | K51: =IF(J51=0,0,E51/(J51/30)) -> 13.2 | L51: =E51*H51 -> 275 | M51: =IF(E51<=G51,"Critical",IF(E51<=F51,"Reorder","Healthy")) -> Critical

Sheet Suppliers
A1: Supplier | B1: SKUs | C1: Inventory Value | D1: Critical SKUs | E1: Reorder SKUs | F1: Avg Lead Time
A2: Supplier A | B2: =COUNTIF(Inventory!$D$2:$D$51,A2) -> 10 | C2: =SUMIF(Inventory!$D$2:$D$51,A2,Inventory!$L$2:$L$51) -> 8999.75 | D2: =COUNTIFS(Inventory!$D$2:$D$51,A2,Inventory!$M$2:$M$51,"Critical") -> 1 | E2: =COUNTIFS(Inventory!$D$2:$D$51,A2,Inventory!$M$2:$M$51,"Reorder") -> 3 | F2: =AVERAGEIF(Inventory!$D$2:$D$51,A2,Inventory!$I$2:$I$51) -> 5
A3: Supplier B | B3: =COUNTIF(Inventory!$D$2:$D$51,A3) -> 10 | C3: =SUMIF(Inventory!$D$2:$D$51,A3,Inventory!$L$2:$L$51) -> 7519.75 | D3: =COUNTIFS(Inventory!$D$2:$D$51,A3,Inventory!$M$2:$M$51,"Critical") -> 1 | E3: =COUNTIFS(Inventory!$D$2:$D$51,A3,Inventory!$M$2:$M$51,"Reorder") -> 3 | F3: =AVERAGEIF(Inventory!$D$2:$D$51,A3,Inventory!$I$2:$I$51) -> 7
A4: Supplier C | B4: =COUNTIF(Inventory!$D$2:$D$51,A4) -> 10 | C4: =SUMIF(Inventory!$D$2:$D$51,A4,Inventory!$L$2:$L$51) -> 7065.25 | D4: =COUNTIFS(Inventory!$D$2:$D$51,A4,Inventory!$M$2:$M$51,"Critical") -> 3 | E4: =COUNTIFS(Inventory!$D$2:$D$51,A4,Inventory!$M$2:$M$51,"Reorder") -> 2 | F4: =AVERAGEIF(Inventory!$D$2:$D$51,A4,Inventory!$I$2:$I$51) -> 10
A5: Supplier D | B5: =COUNTIF(Inventory!$D$2:$D$51,A5) -> 10 | C5: =SUMIF(Inventory!$D$2:$D$51,A5,Inventory!$L$2:$L$51) -> 9398.5 | D5: =COUNTIFS(Inventory!$D$2:$D$51,A5,Inventory!$M$2:$M$51,"Critical") -> 3 | E5: =COUNTIFS(Inventory!$D$2:$D$51,A5,Inventory!$M$2:$M$51,"Reorder") -> 1 | F5: =AVERAGEIF(Inventory!$D$2:$D$51,A5,Inventory!$I$2:$I$51) -> 14
A6: Supplier E | B6: =COUNTIF(Inventory!$D$2:$D$51,A6) -> 10 | C6: =SUMIF(Inventory!$D$2:$D$51,A6,Inventory!$L$2:$L$51) -> 10496.25 | D6: =COUNTIFS(Inventory!$D$2:$D$51,A6,Inventory!$M$2:$M$51,"Critical") -> 4 | E6: =COUNTIFS(Inventory!$D$2:$D$51,A6,Inventory!$M$2:$M$51,"Reorder") -> 2 | F6: =AVERAGEIF(Inventory!$D$2:$D$51,A6,Inventory!$I$2:$I$51) -> 21

Sheet Lists
A1: Category | B1: Supplier | C1: Risk
A2: Electronics | B2: Supplier A | C2: Critical
A3: Consumables | B3: Supplier B | C3: Reorder
A4: Packaging | B4: Supplier C | C4: Healthy
A5: Tools | B5: Supplier D
A6: Office | B6: Supplier E
