Workbook

Sheet Dashboard
A1: RA | Operations & PMO Executive Dashboard
A2: Synthetic portfolio project for Operations / PMO / Reporting / Data Analysis
A3: As-of Date | B3: 46292 | D3: Data note | E3: All records are synthetic and safe for public portfolio use.
A5: Total Tasks | C5: Completed | E5: Completion Rate | G5: Overdue
A6: =COUNTA(Tasks!$A$2:$A$37) -> 36 | C6: =COUNTIF(Tasks!$E$2:$E$37,"Completed") -> 13 | E6: =IF(A6=0,0,C6/A6) -> 0.36111111 | G6: =COUNTIFS(Tasks!$E$2:$E$37,"<>Completed",Tasks!$H$2:$H$37,"<"&$B$3) -> 21
A8: Blocked | C8: Open RAID | E8: Red Projects | G8: Projects
A9: =COUNTIF(Tasks!$E$2:$E$37,"Blocked") -> 5 | C9: =COUNTIFS(RAID!$H$2:$H$9,"<>Closed",RAID!$H$2:$H$9,"<>") -> 7 | E9: =COUNTIF(Projects!$L$2:$L$7,"Red") -> 6 | G9: =COUNTA(Projects!$A$2:$A$7) -> 6
A12: Status | B12: Count | D12: Priority | E12: Count
A13: Not Started | B13: =COUNTIF(Tasks!$E$2:$E$37,A13) -> 6 | D13: Low | E13: =COUNTIF(Tasks!$F$2:$F$37,D13) -> 5
A14: In Progress | B14: =COUNTIF(Tasks!$E$2:$E$37,A14) -> 12 | D14: Medium | E14: =COUNTIF(Tasks!$F$2:$F$37,D14) -> 11
A15: Blocked | B15: =COUNTIF(Tasks!$E$2:$E$37,A15) -> 5 | D15: High | E15: =COUNTIF(Tasks!$F$2:$F$37,D15) -> 14
A16: Completed | B16: =COUNTIF(Tasks!$E$2:$E$37,A16) -> 13 | D16: Critical | E16: =COUNTIF(Tasks!$F$2:$F$37,D16) -> 6
A19: Project | B19: Completion % | C19: Overdue | D19: Blocked | E19: Open RAID | F19: RAG
A20: =Projects!A2 -> PMO Governance Upgrade | B20: =Projects!H2 -> 0.5 | C20: =Projects!I2 -> 3 | D20: =Projects!J2 -> 0 | E20: =Projects!K2 -> 1 | F20: =Projects!L2 -> Red
A21: =Projects!A3 -> Executive Reporting Pack | B21: =Projects!H3 -> 0.33333333 | C21: =Projects!I3 -> 4 | D21: =Projects!J3 -> 0 | E21: =Projects!K3 -> 1 | F21: =Projects!L3 -> Red
A22: =Projects!A4 -> Customer Service SLA | B22: =Projects!H4 -> 0.16666667 | C22: =Projects!I4 -> 5 | D22: =Projects!J4 -> 1 | E22: =Projects!K4 -> 2 | F22: =Projects!L4 -> Red
A23: =Projects!A5 -> Inventory Accuracy | B23: =Projects!H5 -> 0.16666667 | C23: =Projects!I5 -> 4 | D23: =Projects!J5 -> 2 | E23: =Projects!K5 -> 1 | F23: =Projects!L5 -> Red
A24: =Projects!A6 -> Warehouse Process Improvement | B24: =Projects!H6 -> 0.16666667 | C24: =Projects!I6 -> 4 | D24: =Projects!J6 -> 1 | E24: =Projects!K6 -> 1 | F24: =Projects!L6 -> Red
A25: =Projects!A7 -> Recruitment Analytics | B25: =Projects!H7 -> 0.83333333 | C25: =Projects!I7 -> 1 | D25: =Projects!J7 -> 1 | E25: =Projects!K7 -> 1 | F25: =Projects!L7 -> Red

Sheet Projects
A1: Project | B1: Sponsor | C1: Project Manager | D1: Start Date | E1: Target Date | F1: Total Tasks | G1: Completed | H1: Completion % | I1: Overdue | J1: Blocked | K1: Open RAID | L1: RAG
A2: PMO Governance Upgrade | B2: COO | C2: Owner A | D2: 46235 | E2: 46310 | F2: =COUNTIF(Tasks!$B$2:$B$100,A2) -> 6 | G2: =COUNTIFS(Tasks!$B$2:$B$100,A2,Tasks!$E$2:$E$100,"Completed") -> 3 | H2: =IF(F2=0,0,G2/F2) -> 0.5 | I2: =COUNTIFS(Tasks!$B$2:$B$100,A2,Tasks!$E$2:$E$100,"<>Completed",Tasks!$H$2:$H$100,"<"&Dashboard!$B$3) -> 3 | J2: =COUNTIFS(Tasks!$B$2:$B$100,A2,Tasks!$E$2:$E$100,"Blocked") -> 0 | K2: =COUNTIFS(RAID!$B$2:$B$100,A2,RAID!$H$2:$H$100,"<>Closed") -> 1 | L2: =IF(OR(J2>0,I2>=2,K2>=2),"Red",IF(OR(I2>0,K2>0),"Amber","Green")) -> Red
A3: Executive Reporting Pack | B3: CFO | C3: Owner B | D3: 46238 | E3: 46315 | F3: =COUNTIF(Tasks!$B$2:$B$100,A3) -> 6 | G3: =COUNTIFS(Tasks!$B$2:$B$100,A3,Tasks!$E$2:$E$100,"Completed") -> 2 | H3: =IF(F3=0,0,G3/F3) -> 0.33333333 | I3: =COUNTIFS(Tasks!$B$2:$B$100,A3,Tasks!$E$2:$E$100,"<>Completed",Tasks!$H$2:$H$100,"<"&Dashboard!$B$3) -> 4 | J3: =COUNTIFS(Tasks!$B$2:$B$100,A3,Tasks!$E$2:$E$100,"Blocked") -> 0 | K3: =COUNTIFS(RAID!$B$2:$B$100,A3,RAID!$H$2:$H$100,"<>Closed") -> 1 | L3: =IF(OR(J3>0,I3>=2,K3>=2),"Red",IF(OR(I3>0,K3>0),"Amber","Green")) -> Red
A4: Customer Service SLA | B4: CX Director | C4: Owner C | D4: 46241 | E4: 46320 | F4: =COUNTIF(Tasks!$B$2:$B$100,A4) -> 6 | G4: =COUNTIFS(Tasks!$B$2:$B$100,A4,Tasks!$E$2:$E$100,"Completed") -> 1 | H4: =IF(F4=0,0,G4/F4) -> 0.16666667 | I4: =COUNTIFS(Tasks!$B$2:$B$100,A4,Tasks!$E$2:$E$100,"<>Completed",Tasks!$H$2:$H$100,"<"&Dashboard!$B$3) -> 5 | J4: =COUNTIFS(Tasks!$B$2:$B$100,A4,Tasks!$E$2:$E$100,"Blocked") -> 1 | K4: =COUNTIFS(RAID!$B$2:$B$100,A4,RAID!$H$2:$H$100,"<>Closed") -> 2 | L4: =IF(OR(J4>0,I4>=2,K4>=2),"Red",IF(OR(I4>0,K4>0),"Amber","Green")) -> Red
A5: Inventory Accuracy | B5: Supply Chain Director | C5: Owner D | D5: 46244 | E5: 46325 | F5: =COUNTIF(Tasks!$B$2:$B$100,A5) -> 6 | G5: =COUNTIFS(Tasks!$B$2:$B$100,A5,Tasks!$E$2:$E$100,"Completed") -> 1 | H5: =IF(F5=0,0,G5/F5) -> 0.16666667 | I5: =COUNTIFS(Tasks!$B$2:$B$100,A5,Tasks!$E$2:$E$100,"<>Completed",Tasks!$H$2:$H$100,"<"&Dashboard!$B$3) -> 4 | J5: =COUNTIFS(Tasks!$B$2:$B$100,A5,Tasks!$E$2:$E$100,"Blocked") -> 2 | K5: =COUNTIFS(RAID!$B$2:$B$100,A5,RAID!$H$2:$H$100,"<>Closed") -> 1 | L5: =IF(OR(J5>0,I5>=2,K5>=2),"Red",IF(OR(I5>0,K5>0),"Amber","Green")) -> Red
A6: Warehouse Process Improvement | B6: Operations Director | C6: Owner E | D6: 46247 | E6: 46330 | F6: =COUNTIF(Tasks!$B$2:$B$100,A6) -> 6 | G6: =COUNTIFS(Tasks!$B$2:$B$100,A6,Tasks!$E$2:$E$100,"Completed") -> 1 | H6: =IF(F6=0,0,G6/F6) -> 0.16666667 | I6: =COUNTIFS(Tasks!$B$2:$B$100,A6,Tasks!$E$2:$E$100,"<>Completed",Tasks!$H$2:$H$100,"<"&Dashboard!$B$3) -> 4 | J6: =COUNTIFS(Tasks!$B$2:$B$100,A6,Tasks!$E$2:$E$100,"Blocked") -> 1 | K6: =COUNTIFS(RAID!$B$2:$B$100,A6,RAID!$H$2:$H$100,"<>Closed") -> 1 | L6: =IF(OR(J6>0,I6>=2,K6>=2),"Red",IF(OR(I6>0,K6>0),"Amber","Green")) -> Red
A7: Recruitment Analytics | B7: HR Director | C7: Owner F | D7: 46250 | E7: 46335 | F7: =COUNTIF(Tasks!$B$2:$B$100,A7) -> 6 | G7: =COUNTIFS(Tasks!$B$2:$B$100,A7,Tasks!$E$2:$E$100,"Completed") -> 5 | H7: =IF(F7=0,0,G7/F7) -> 0.83333333 | I7: =COUNTIFS(Tasks!$B$2:$B$100,A7,Tasks!$E$2:$E$100,"<>Completed",Tasks!$H$2:$H$100,"<"&Dashboard!$B$3) -> 1 | J7: =COUNTIFS(Tasks!$B$2:$B$100,A7,Tasks!$E$2:$E$100,"Blocked") -> 1 | K7: =COUNTIFS(RAID!$B$2:$B$100,A7,RAID!$H$2:$H$100,"<>Closed") -> 1 | L7: =IF(OR(J7>0,I7>=2,K7>=2),"Red",IF(OR(I7>0,K7>0),"Amber","Green")) -> Red

Sheet Tasks
A1: Task ID | B1: Project | C1: Workstream | D1: Owner | E1: Status | F1: Priority | G1: Start Date | H1: Due Date | I1: Completion Date | J1: Progress % | K1: Days Variance | L1: Notes
A2: T-001 | B2: PMO Governance Upgrade | C2: Governance | D2: Owner A | E2: Completed | F2: High | G2: 46235 | H2: 46249 | I2: 46250 | J2: 1 | K2: =IF(E2="Completed",IF(I2="","",I2-H2),Dashboard!$B$3-H2) -> 1 | L2: Synthetic portfolio data
A3: T-002 | B3: Executive Reporting Pack | C3: Reporting | D3: Owner B | E3: In Progress | F3: High | G3: 46238 | H3: 46256 | J3: 0.5 | K3: =IF(E3="Completed",IF(I3="","",I3-H3),Dashboard!$B$3-H3) -> 36 | L3: Synthetic portfolio data
A4: T-003 | B4: Customer Service SLA | C4: Service | D4: Owner C | E4: In Progress | F4: Medium | G4: 46241 | H4: 46263 | J4: 0.6 | K4: =IF(E4="Completed",IF(I4="","",I4-H4),Dashboard!$B$3-H4) -> 29 | L4: Synthetic portfolio data
A5: T-004 | B5: Inventory Accuracy | C5: Inventory | D5: Owner D | E5: Blocked | F5: Critical | G5: 46244 | H5: 46270 | J5: 0.2 | K5: =IF(E5="Completed",IF(I5="","",I5-H5),Dashboard!$B$3-H5) -> 22 | L5: Synthetic portfolio data
A6: T-005 | B6: Warehouse Process Improvement | C6: Process | D6: Owner E | E6: Not Started | F6: Medium | G6: 46247 | H6: 46277 | J6: 0 | K6: =IF(E6="Completed",IF(I6="","",I6-H6),Dashboard!$B$3-H6) -> 15 | L6: Synthetic portfolio data
A7: T-006 | B7: Recruitment Analytics | C7: Analytics | D7: Owner F | E7: Completed | F7: High | G7: 46250 | H7: 46264 | I7: 46264 | J7: 1 | K7: =IF(E7="Completed",IF(I7="","",I7-H7),Dashboard!$B$3-H7) -> 0 | L7: Synthetic portfolio data
A8: T-007 | B8: PMO Governance Upgrade | C8: Governance | D8: Owner A | E8: In Progress | F8: Medium | G8: 46253 | H8: 46271 | J8: 0.5 | K8: =IF(E8="Completed",IF(I8="","",I8-H8),Dashboard!$B$3-H8) -> 21 | L8: Synthetic portfolio data
A9: T-008 | B9: Executive Reporting Pack | C9: Reporting | D9: Owner B | E9: Completed | F9: Low | G9: 46256 | H9: 46278 | I9: 46276 | J9: 1 | K9: =IF(E9="Completed",IF(I9="","",I9-H9),Dashboard!$B$3-H9) -> -2 | L9: Synthetic portfolio data
A10: T-009 | B10: Customer Service SLA | C10: Service | D10: Owner C | E10: Blocked | F10: Critical | G10: 46259 | H10: 46285 | J10: 0.55 | K10: =IF(E10="Completed",IF(I10="","",I10-H10),Dashboard!$B$3-H10) -> 7 | L10: Synthetic portfolio data
A11: T-010 | B11: Inventory Accuracy | C11: Inventory | D11: Owner D | E11: In Progress | F11: High | G11: 46262 | H11: 46292 | J11: 0.85 | K11: =IF(E11="Completed",IF(I11="","",I11-H11),Dashboard!$B$3-H11) -> 0 | L11: Synthetic portfolio data
A12: T-011 | B12: Warehouse Process Improvement | C12: Process | D12: Owner E | E12: Not Started | F12: Medium | G12: 46265 | H12: 46279 | J12: 0 | K12: =IF(E12="Completed",IF(I12="","",I12-H12),Dashboard!$B$3-H12) -> 13 | L12: Synthetic portfolio data
A13: T-012 | B13: Recruitment Analytics | C13: Analytics | D13: Owner F | E13: Completed | F13: High | G13: 46268 | H13: 46286 | I13: 46284 | J13: 1 | K13: =IF(E13="Completed",IF(I13="","",I13-H13),Dashboard!$B$3-H13) -> -2 | L13: Synthetic portfolio data
A14: T-013 | B14: PMO Governance Upgrade | C14: Governance | D14: Owner A | E14: In Progress | F14: Critical | G14: 46235 | H14: 46257 | J14: 0.6 | K14: =IF(E14="Completed",IF(I14="","",I14-H14),Dashboard!$B$3-H14) -> 35 | L14: Synthetic portfolio data
A15: T-014 | B15: Executive Reporting Pack | C15: Reporting | D15: Owner B | E15: In Progress | F15: Medium | G15: 46238 | H15: 46264 | J15: 0.75 | K15: =IF(E15="Completed",IF(I15="","",I15-H15),Dashboard!$B$3-H15) -> 28 | L15: Synthetic portfolio data
A16: T-015 | B16: Customer Service SLA | C16: Service | D16: Owner C | E16: Completed | F16: High | G16: 46241 | H16: 46271 | I16: 46270 | J16: 1 | K16: =IF(E16="Completed",IF(I16="","",I16-H16),Dashboard!$B$3-H16) -> -1 | L16: Synthetic portfolio data
A17: T-016 | B17: Inventory Accuracy | C17: Inventory | D17: Owner D | E17: Blocked | F17: High | G17: 46244 | H17: 46258 | J17: 0.2 | K17: =IF(E17="Completed",IF(I17="","",I17-H17),Dashboard!$B$3-H17) -> 34 | L17: Synthetic portfolio data
A18: T-017 | B18: Warehouse Process Improvement | C18: Process | D18: Owner E | E18: Not Started | F18: Low | G18: 46247 | H18: 46265 | J18: 0 | K18: =IF(E18="Completed",IF(I18="","",I18-H18),Dashboard!$B$3-H18) -> 27 | L18: Synthetic portfolio data
A19: T-018 | B19: Recruitment Analytics | C19: Analytics | D19: Owner F | E19: Completed | F19: Medium | G19: 46250 | H19: 46272 | I19: 46272 | J19: 1 | K19: =IF(E19="Completed",IF(I19="","",I19-H19),Dashboard!$B$3-H19) -> 0 | L19: Synthetic portfolio data
A20: T-019 | B20: PMO Governance Upgrade | C20: Governance | D20: Owner A | E20: Completed | F20: Medium | G20: 46253 | H20: 46279 | I20: 46278 | J20: 1 | K20: =IF(E20="Completed",IF(I20="","",I20-H20),Dashboard!$B$3-H20) -> -1 | L20: Synthetic portfolio data
A21: T-020 | B21: Executive Reporting Pack | C21: Reporting | D21: Owner B | E21: In Progress | F21: High | G21: 46256 | H21: 46286 | J21: 0.85 | K21: =IF(E21="Completed",IF(I21="","",I21-H21),Dashboard!$B$3-H21) -> 6 | L21: Synthetic portfolio data
A22: T-021 | B22: Customer Service SLA | C22: Service | D22: Owner C | E22: In Progress | F22: Critical | G22: 46259 | H22: 46273 | J22: 0.35 | K22: =IF(E22="Completed",IF(I22="","",I22-H22),Dashboard!$B$3-H22) -> 19 | L22: Synthetic portfolio data
A23: T-022 | B23: Inventory Accuracy | C23: Inventory | D23: Owner D | E23: Not Started | F23: Low | G23: 46262 | H23: 46280 | J23: 0 | K23: =IF(E23="Completed",IF(I23="","",I23-H23),Dashboard!$B$3-H23) -> 12 | L23: Synthetic portfolio data
A24: T-023 | B24: Warehouse Process Improvement | C24: Process | D24: Owner E | E24: Blocked | F24: High | G24: 46265 | H24: 46287 | J24: 0.4 | K24: =IF(E24="Completed",IF(I24="","",I24-H24),Dashboard!$B$3-H24) -> 5 | L24: Synthetic portfolio data
A25: T-024 | B25: Recruitment Analytics | C25: Analytics | D25: Owner F | E25: Completed | F25: Medium | G25: 46268 | H25: 46294 | I25: 46292 | J25: 1 | K25: =IF(E25="Completed",IF(I25="","",I25-H25),Dashboard!$B$3-H25) -> -2 | L25: Synthetic portfolio data
A26: T-025 | B26: PMO Governance Upgrade | C26: Governance | D26: Owner A | E26: In Progress | F26: High | G26: 46235 | H26: 46265 | J26: 0.85 | K26: =IF(E26="Completed",IF(I26="","",I26-H26),Dashboard!$B$3-H26) -> 27 | L26: Synthetic portfolio data
A27: T-026 | B27: Executive Reporting Pack | C27: Reporting | D27: Owner B | E27: Completed | F27: Medium | G27: 46238 | H27: 46252 | I27: 46252 | J27: 1 | K27: =IF(E27="Completed",IF(I27="","",I27-H27),Dashboard!$B$3-H27) -> 0 | L27: Synthetic portfolio data
A28: T-027 | B28: Customer Service SLA | C28: Service | D28: Owner C | E28: Not Started | F28: Low | G28: 46241 | H28: 46259 | J28: 0 | K28: =IF(E28="Completed",IF(I28="","",I28-H28),Dashboard!$B$3-H28) -> 33 | L28: Synthetic portfolio data
A29: T-028 | B29: Inventory Accuracy | C29: Inventory | D29: Owner D | E29: In Progress | F29: Critical | G29: 46244 | H29: 46266 | J29: 0.6 | K29: =IF(E29="Completed",IF(I29="","",I29-H29),Dashboard!$B$3-H29) -> 26 | L29: Synthetic portfolio data
A30: T-029 | B30: Warehouse Process Improvement | C30: Process | D30: Owner E | E30: Completed | F30: High | G30: 46247 | H30: 46273 | I30: 46274 | J30: 1 | K30: =IF(E30="Completed",IF(I30="","",I30-H30),Dashboard!$B$3-H30) -> 1 | L30: Synthetic portfolio data
A31: T-030 | B31: Recruitment Analytics | C31: Analytics | D31: Owner F | E31: Blocked | F31: High | G31: 46250 | H31: 46280 | J31: 0.55 | K31: =IF(E31="Completed",IF(I31="","",I31-H31),Dashboard!$B$3-H31) -> 12 | L31: Synthetic portfolio data
A32: T-031 | B32: PMO Governance Upgrade | C32: Governance | D32: Owner A | E32: Completed | F32: Medium | G32: 46253 | H32: 46267 | I32: 46266 | J32: 1 | K32: =IF(E32="Completed",IF(I32="","",I32-H32),Dashboard!$B$3-H32) -> -1 | L32: Synthetic portfolio data
A33: T-032 | B33: Executive Reporting Pack | C33: Reporting | D33: Owner B | E33: In Progress | F33: High | G33: 46256 | H33: 46274 | J33: 0.5 | K33: =IF(E33="Completed",IF(I33="","",I33-H33),Dashboard!$B$3-H33) -> 18 | L33: Synthetic portfolio data
A34: T-033 | B34: Customer Service SLA | C34: Service | D34: Owner C | E34: Not Started | F34: Medium | G34: 46259 | H34: 46281 | J34: 0 | K34: =IF(E34="Completed",IF(I34="","",I34-H34),Dashboard!$B$3-H34) -> 11 | L34: Synthetic portfolio data
A35: T-034 | B35: Inventory Accuracy | C35: Inventory | D35: Owner D | E35: Completed | F35: High | G35: 46262 | H35: 46288 | I35: 46288 | J35: 1 | K35: =IF(E35="Completed",IF(I35="","",I35-H35),Dashboard!$B$3-H35) -> 0 | L35: Synthetic portfolio data
A36: T-035 | B36: Warehouse Process Improvement | C36: Process | D36: Owner E | E36: In Progress | F36: Critical | G36: 46265 | H36: 46295 | J36: 0.85 | K36: =IF(E36="Completed",IF(I36="","",I36-H36),Dashboard!$B$3-H36) -> -3 | L36: Synthetic portfolio data
A37: T-036 | B37: Recruitment Analytics | C37: Analytics | D37: Owner F | E37: Completed | F37: Low | G37: 46268 | H37: 46282 | I37: 46280 | J37: 1 | K37: =IF(E37="Completed",IF(I37="","",I37-H37),Dashboard!$B$3-H37) -> -2 | L37: Synthetic portfolio data

Sheet RAID
A1: RAID ID | B1: Project | C1: Type | D1: Description | E1: Owner | F1: Impact | G1: Probability | H1: Status | I1: Target Date | J1: Mitigation / Action
A2: R-001 | B2: PMO Governance Upgrade | C2: Risk | D2: Decision approvals may delay stage gates | E2: Owner A | F2: High | G2: Medium | H2: Monitoring | I2: 46300 | J2: Weekly escalation review
A3: R-002 | B3: Executive Reporting Pack | C3: Dependency | D3: Source systems refresh timing | E3: Owner B | F3: Medium | G3: High | H3: Open | I3: 46297 | J3: Lock refresh schedule
A4: R-003 | B4: Customer Service SLA | C4: Issue | D4: SLA backlog above target | E4: Owner C | F4: High | G4: High | H4: Open | I4: 46295 | J4: Daily recovery queue
A5: R-004 | B5: Inventory Accuracy | C5: Risk | D5: Cycle count variance remains volatile | E5: Owner D | F5: High | G5: Medium | H5: Monitoring | I5: 46303 | J5: Root-cause review by SKU class
A6: R-005 | B6: Warehouse Process Improvement | C6: Assumption | D6: Shift staffing remains stable | E6: Owner E | F6: Medium | G6: Medium | H6: Monitoring | I6: 46305 | J6: Validate weekly roster
A7: R-006 | B7: Recruitment Analytics | C7: Issue | D7: Candidate source labels inconsistent | E7: Owner F | F7: Medium | G7: High | H7: Open | I7: 46296 | J7: Normalize source taxonomy
A8: R-007 | B8: PMO Governance Upgrade | C8: Dependency | D8: Steering committee calendar | E8: Owner A | F8: Medium | G8: Medium | H8: Closed | I8: 46290 | J8: Calendar confirmed
A9: R-008 | B9: Customer Service SLA | C9: Risk | D9: Repeat contacts increasing | E9: Owner C | F9: Medium | G9: Medium | H9: Open | I9: 46301 | J9: Introduce first-contact-resolution review

Sheet Lists
A1: Status | B1: Priority | C1: RAID Type | D1: RAID Status
A2: Not Started | B2: Low | C2: Risk | D2: Open
A3: In Progress | B3: Medium | C3: Assumption | D3: Monitoring
A4: Blocked | B4: High | C4: Issue | D4: Closed
A5: Completed | B5: Critical | C5: Dependency
